{"cameraMode":{"drawMode":0,"name":"Shaded","section":"Shading Mode"},"sceneLighting":false,"audioPlay":false,"sceneViewState":{"showFog":true,"showMaterialUpdate":false,"showSkybox":false,"showFlares":true,"showImageEffects":true,"showParticleSystems":true},"in2DMode":false,"pivot":{"x":-0.16188833117485047,"y":-0.11999998986721039,"z":0.0},"rotation":{"x":0.10520049929618836,"y":-0.7764095664024353,"z":0.13813717663288117,"w":0.6076671481132507},"size":0.445110946893692,"orthographic":false}